{"NDVI": 0.28757572174072266, "EVI": 0.5270770466977885, "ARI": 0.0892544761300087, "CAI": 0.05069999620914459, "CIRE": 0.5467372536659241, "DWSI": 1.3860135078430176, "GCVI": 0.5780476927757263, "MCARI": 0.03715734157650697, "SIPI": 0.7306956052780151}