{"NDVI": 0.22748905420303345, "EVI": -1.4185660018993351, "ARI": -5.056842837802833e-06, "CAI": -861.5, "CIRE": 0.4581637382507324, "DWSI": 1.163059115409851, "GCVI": 0.44186046719551086, "MCARI": 203.7737801872844, "SIPI": 0.7447698712348938}